id,parent,value,label,tooltip
root,,,"令和6年度当初予算
一般会計
歳出",
legislative,root,,議会費総額,
legislative1,legislative,648283000,01 議会運営費,議会運営経費、議会報告会、議会文書共有システム等運用
legislative2,legislative,57109000,02 議会広報費,○議会広報経費
legislative3,legislative,135118000,その他,（事項別明細書に記載）
general,root,,総務費総額,
general1,general,76960000,01 全庁共通プロジェクト推進経費,○公有地等活用検討
general2,general,36557000,02 計画策定経費,○総合実施計画・総合戦略改定、行政評価経費
general3,general,74659000,03 SDGｓ推進経費,◎ゼロカーボンシティしながわの推進、世界こども未来会議㏌SＨINAGAWA経費、SDGｓの推進
general4,general,63447000,04 区施設創エネ設備整備推進費,既存区有施設における太陽光発電設備設置推進
general5,general,1728872000,05 ＩＣＴ推進管理費,"デジタル人材育成、オンライン申請システム運用
区民向けAI自動会話プログラム（チャットボット）の運用、基幹事務管理システム運用"
general6,general,733226000,06 ネットワーク・セキュリティ経費,ネットワーク・セキュリティ機器運用
general7,general,2031081000,07 住民情報システム運営費,○システム標準化経費、住民情報システム改修
general8,general,2247000,08 契約関係事務費,◎電子契約の推進経費
general9,general,15627000,09 非核平和都市品川宣言事業,○宣言40周年記念事業
general10,general,18707000,10 危機管理経費,◎避暑シェルター運用補助金
general11,general,4940000,11 全国自治体との連携事業,全国連携プロジェクト、坂井市区民交流ツアー
general12,general,5042000,12 地域住民と外国人との交流促進,"在住外国人向けＬＩＮＥ情報配信、多文化共生啓発事業
多文化共生等推進事業助成金、区内大使館・領事館関係事業"
general13,general,179116000,13 国際友好都市交流事業,"◎ポートランド市40周年記念公式訪問団受入
青少年ホームステイ派遣（ジュネーヴ）、青少年ホームステイ受入（オークランド）
青少年語学研修派遣、日本語教室等啓発事業"
general14,general,25136000,14 市町村交流事業,"山北町：文化交流団体派遣、ひだまりの里管理運営（オートキャンプ場、貸農園等）
早川町：マウントしながわ事業、バスツアー"
general15,general,7018000,15 いじめ防止対策推進事業,◎いじめ防止対策事業、いじめ問題調査委員会経費
general16,general,14390000,16 都市ブランディング推進経費,◎ブランドガイドライン策定経費
general17,general,4130000,17 広聴経費,タウンミーティング経費、◎ＳＮＳ情報収集分析経費
general18,general,23159000,18 人権啓発事業,憲法・人権週間行事費、啓発用経費
general19,general,27041000,19 ジェンダー平等推進事業,"◎SNS相談・LGBTQ専門相談の実施
啓発講座・交流スペース開催、東京都パートナーシップ宣誓制度の活用"
general20,general,591437000,20 庁舎計画費,◎実施設計委託、ＣＭ業務委託、オフィス環境整備委託等
general21,general,61125000,21 広町事業検討費,庁舎跡地等活用検討委託、広町事業負担金
general22,general,52342000,22 会計事務費,新公会計運用経費、会計事務費、公金取扱事務費
general23,general,75198000,23 地域振興経費,"地域課題の自主的解決支援、町会・自治会ＩＣＴ活用促進補助
町会・自治会運営事務サポート、◎町会・自治会地域力連携促進補助
町会・自治会児童参加地域事業補助、町会・自治会活動活性化用物品補助
町会自治会連合会助成、区民まつり経費、八潮地区まちづくり事業"
general24,general,22890000,24 協働推進経費,区民活動助成制度、しながわ地域貢献活動展、区民活動情報サイト
general25,general,453944000,25 地域センター等管理運営費,地域センター・集会所等管理運営、施設改修費
general26,general,28457000,26 ウェルカムセンター原・交流施設運営,運営協議会助成、施設改修費
general27,general,155420000,27 区民保養所経費,品川荘・光林荘貸付、宿泊費補助、施設改修費
general28,general,109082000,28 区民活動交流施設運営費,管理運営、施設改修費
general29,general,95509000,29 歩行喫煙防止推進経費,"コンテナ型屋外喫煙所維持管理、民間公共喫煙所設置・維持助成
喫煙マナーアップ広報・啓発の充実、◎喫煙状況実態調査"
general30,general,237622000,30 生活安全推進事業,"児童見守りシステム運営、特殊詐欺重点対策プロジェクト、自動通話録音機貸与
自主的防犯団体支援、防犯設備整備・維持管理費助成、◎住まいの防犯対策助成"
general31,general,250653000,31 都市型観光プラン推進事業,"◎水辺のプチ旅、ハタチの龍馬ＰＲ、しながわ水辺の観光フェスタ
イルミネーション、地域資源活性化事業補助、しながわ観光フェア、東海道品川宿観光ＰＲ
鉄道会社と連携した情報発信事業、観光協会運営費補助、しながわ観光大使PR"
general32,general,20600000,32 文化芸術・スポーツ活動支援事業,荏原地区イベント事業、能楽鑑賞会開催経費、しながわ文化活性化助成
general33,general,31760000,33 品川区民芸術祭経費,アマチュアステージ（全６部門）、コンサート事業、美術展示（企画展、区民作品展等）
general34,general,330999000,34 品川文化振興事業団助成金,コンサート事業、メイプルセンター・Ｏ美術館・区民ギャラリー運営
general35,general,31499000,35 生涯学習推進事業,"しながわ学、しながわ塾、地域講座、専門講座、学びの杜特別講演会、チャレンジ塾
パートナーシップ講座、シルバー大学、社会同和教育講座、日曜サークル"
general36,general,346402000,36 総合区民会館運営費,管理運営、計画修繕
general37,general,208995000,37 荏原平塚総合区民会館運営費,管理運営、施設改修費
general38,general,1213407000,38 文化センター運営費,管理運営、施設改修費（五反田文化センター音楽ホール音響設備等工事）
general39,general,109256000,39 歴史館運営費,◎リニューアルオープニングイベント、管理運営、企画展
general40,general,124225000,40 地域スポーツ支援,"◎しながわシティランの開催、デフスポーツ啓発事業、パラスポーツ普及啓発
プロスポーツ連携事業、地域スポーツクラブ、高齢者スポーツ"
general41,general,18583000,41 少年少女スポーツ普及事業,全国大会出場者支援、親子でジュニアスポーツフェスタ、ジュニアダンス教室
general42,general,72551000,42 オリンピック・パラリンピックスポーツ等振興事業,"ホッケー教室、ホッケーU１０品川カップ、しながわホッケー地域応援プロジェクト
ブラインドサッカー体験・交流、ブラインドサッカー国内大会、アイルしながわ運営"
general43,general,84840000,43 品川区スポーツ協会助成金,事務局人件費、各連盟助成
general44,general,494463000,44 運動施設費,しながわ中央公園ボルダリング場運営、体育館管理運営、体育館施設改修
general45,general,458067000,45 特別区税賦課徴収事務費,特別区民税、軽自動車税、特別区たばこ税の賦課徴収
general46,general,12466000,46 ふるさと納税事業,ふるさと納税返礼品（体験型返礼品等）
general47,general,251504000,47 戸籍届出・証明事務費,振り仮名法制化対応、戸籍法改正対応、コンビニ交付
general48,general,121455000,48 個人番号カード経費,◎福祉施設等カード取得補助、郵便局における電子証明書更新等
general49,general,7854000,49 おくやみコーナー経費,◎おくやみコーナー運営、◎おくやみハンドブック作成
general50,general,33905000,50 臨海斎場運営費,臨海部広域斎場組合組織区負担金
general51,general,234314000,51 選挙執行費,◎都知事・都議会議員（補欠）選挙執行費
general52,general,13518476000,その他,（事項別明細書に記載）
welfare,root,,民生費総額,
welfare1,welfare,85407000,01 高齢者安否確認事業,○救急代理通報システム、高齢者地域見守りネットワーク事業、長寿お祝い事業
welfare2,welfare,2067724000,02 高齢者福祉施設整備費,"◎認知症高齢者グループホーム整備促進セミナー・個別相談会、八潮南特養等増改築、
小山台住宅等跡地複合施設整備、地域密着型サービス施設等整備費助成"
welfare3,welfare,188823000,03 地域福祉推進費,"◎孤独・孤立対策推進事業、重層的支援体制整備検討
支え愛・ほっとステーション、ユニバーサルデザイン普及啓発"
welfare4,welfare,89104000,04 民生委員活動経費,◎民生委員活動支援スーパーバイザー、民生委員活動、ひとり暮らし高齢者等実態調査
welfare5,welfare,18697000,05 成年後見制度経費,成年後見中核機関運営、成年後見センター運営助成
welfare6,welfare,21001000,06 福祉計画事務費,ほっとサロン運営助成、災害時対応検討
welfare7,welfare,6830000,07 障害者施策推進経費,障害者計画等策定・推進、障害者差別解消推進、障害者福祉サービス等第三者評価受審支援
welfare8,welfare,336720000,08 障害者福祉施設等整備費,"小山台住宅等跡地複合施設整備、戸越地区児童発達支援センター等整備、
八潮南特養等増改築（障害者施設整備）、小山七丁目障害者グループホーム整備、
○障害者グループホーム整備費等助成"
welfare9,welfare,19022000,09 障害者理解・普及啓発事業,手話理解促進事業、障害者週間・記念のつどい、障害者まつり
welfare10,welfare,290127000,10 基幹相談支援センター運営費,"基幹相談支援センター機能強化（相談支援ネットワーク）、障害者福祉カレッジ
障害者の包括支援相談体制整備、民間特定相談支援事業所運営支援、"
welfare11,welfare,2925306000,11 障害者介護給付事務,"居宅介護、重度訪問介護、同行援護、療養介護、生活介護、短期入所、
施設入所支援等、利用者負担軽減
◎雇用施策との連携による重度障害者等就労支援特別事業"
welfare12,welfare,2763068000,12 障害者訓練等給付事務,"○補装具費支給、共同生活援助、自立訓練、就労移行支援、就労継続支援A・B型等
日中活動系サービス推進事業助成、就労継続支援Ａ型運営助成、障害者グループホーム運営費助成"
welfare13,welfare,210075000,13 相談支援給付等事務,地域拠点相談支援センター、サービス等利用計画作成
welfare14,welfare,325356000,14 地域生活支援事業,"○日常生活用具給付（ストマ用具、紙おむつ、入浴補助用具、自家発電装置等）、
自立生活援助運営費助成、医療的ケア児地域生活支援事業（インクルーシブひろばベル）、
知的障害者地域生活24時間サポート、精神障害者地域生活24時間サポート、
発達障害・思春期サポート事業、放課後等の障害児日中一時預かり事業、移動支援"
welfare15,welfare,179811000,15 社会参加支援事業,○タクシー券・自動車燃料費助成、○中等度難聴児補聴器購入助成、福祉車両購入・改造経費助成
welfare16,welfare,27256000,16 在宅生活支援事業,"〇救急代理通報システム、重症心身障害児者等在宅レスパイト事業、
住宅支援、住宅設備改善助成、グループホーム家賃助成、医療ショートステイ"
welfare17,welfare,974539000,17 障害者福祉手当等支給事務,"第一種 延30,132人、第二種 延14,448人、難病 延17,700人
特別障害者手当 延2,724人、障害児福祉手当ほか 延696人"
welfare18,welfare,241591000,18 心身障害者福祉会館運営費,"生活介護（定員50人）、自立訓練（定員12人）、地域活動支援センター、相談支援センター
高次脳機能障害相談、医療的ケア対応・重症心身者受入"
welfare19,welfare,42295000,19 西大井福祉園等運営費,就労継続支援Ｂ型・生活介護(定員40人)、西大井つばさの家 (定員9人)
welfare20,welfare,251218000,20 かがやき園運営費,生活介護・施設入所支援（定員各30人）、短期入所（定員3人）
welfare21,welfare,7800000,21 北品川つばさの家運営費,障害者グループホーム（定員12人）
welfare22,welfare,33453000,22 障害者訓練センター運営費,○超短時間雇用促進事業、就労支援センター (げんき品川）運営委託
welfare23,welfare,96691000,23 重症心身障害者通所施設運営費,定員6人（重症心身障害児一時預かり 定員1人）
welfare24,welfare,81944000,24 発達障害者支援施設等運営費,"発達障害者相談支援、発達障害者成人期支援
就労継続支援Ｂ型（定員20人）、上大崎つばさの家（定員5人）"
welfare25,welfare,519993000,25 障害児者総合支援施設運営費,"児童発達支援ｾﾝﾀｰ、放課後等デイサービス、日中一時支援、
生活介護、短期入所、就労継続支援B型、地域活動支援センター"
welfare26,welfare,27000000,26 出石つばさの家運営費,◎障害者グループホーム（16人）、短期入所（2人）
welfare27,welfare,1628414000,27 障害児支援給付事務,◎医療的ケア児等支援の基盤整備、障害児通所支援、居宅訪問型児童発達支援
welfare28,welfare,127887000,28 障害者支援事務費,◎品川区障害福祉職員居住支援手当、避難行動要支援者個別計画作成（障害者）
welfare29,welfare,670467000,29 在宅高齢者支援事業,"民立在宅サービスセンター事業費（通所介護 ： 5カ所、認知症通所介護 : 併設3ヶ所）、
社会福祉協議会助成（本部、ボランティアセンター、さわやかサービス、紙おむつ助成、訪問理美容）、
入院中紙おむつ代助成、短期入所生活介護送迎費用助成"
welfare30,welfare,30826000,30 高齢者災害対策支援事業費,○福祉避難所施設備蓄品配備、避難行動要支援者個別計画作成（高齢者）
welfare31,welfare,937333000,31 特別養護老人ホーム運営費,"◎中延特養ホーム大規模改修基本設計・実施設計、荏原特養ホーム大規模改修工事、
区立7施設運営費（戸越台･荏原･中延・八潮南・杜松・平塚橋・上大崎）"
welfare32,welfare,272130000,32 在宅サービスセンター運営費,"荏原在宅サービスセンター大規模改修工事、区立在宅サービスセンター運営費
（通所介護 ： 7カ所、認知症通所介護 ： 併設6カ所、単独 1カ所、ふれあいデイホーム： 1カ所）"
welfare33,welfare,107266000,33 地域密着型サービス施設運営費,区立7施設運営費、民間8施設運営助成
welfare34,welfare,375708000,34 高齢者福祉施設支援事業,老人保護措置費、法人助成
welfare35,welfare,611282000,35 福祉人材確保・定着事業,"◎有償ボランティアと介護施設のマッチング、◎品川区介護職員居住支援手当、
品川介護福祉専門学校介護福祉士資格取得費助成、品川介護福祉専門学校運営助成、
品川介護福祉専門学校広報活動強化助成、介護現場職員研修、実務者研修等受講費助成、
介護・看護等職員確保支援、外国人介護職員受入環境整備、ＩＣＴ見守りシステム設置、"
welfare36,welfare,42048000,36 認知症高齢者支援事業,"◎認知機能チェック、◎認知症伴走型支援事業、認知症検診推進事業（75歳）、
認知症サポーター養成・ステップアップ講座、認知症講演会、認知症家族勉強会"
welfare37,welfare,82207000,37 高齢者活動支援事業,"○補聴器購入費助成事業、○パソコン・タブレット・スマホ教室（ゲーム体験）、
高齢者向けスマホ相談・体験会、高齢者外出習慣化事業"
welfare38,welfare,43892000,38 高齢者クラブ支援事業,単位クラブ運営助成 106クラブ、連合会運営助成、花づくり助成
welfare39,welfare,21116000,39 介護予防活動拠点運営費,活動拠点運営経費 3カ所（山中、荏原、関ヶ原）、大井三丁目高齢者憩いの場運営経費
welfare40,welfare,143250000,40 シルバーセンター運営費,ｼﾙﾊﾞｰｾﾝﾀｰ10館運営経費、西大井いきいきセンター助成
welfare41,welfare,197022000,41 高齢者多世代交流支援施設運営費,○ゆうゆうプラザ5館運営（大崎、平塚橋、平塚、東品川、北品川（6年度より新規開設））
welfare42,welfare,81126000,42 高齢者住宅対策事業,サービス付高齢者住宅家賃助成、高齢者住宅生活支援サービス事業、高齢者の住宅あっせん事業
welfare43,welfare,7158000,43 国民年金事務費,国民年金事務費
welfare44,welfare,1180247000,44 子育て支援事業,"〇八潮南保育園跡地を活用した在宅子育て支援の充実、生活支援型一時保育（オアシスルーム）運営（11カ所）、
ポップンルーム運営（3カ所）、地域子育て支援グループの活動支援、子育て支援講習会、
子育て交流サロン、プレイパーク運営、子育て支援情報発信アプリ、子育てガイド作成"
welfare45,welfare,980594000,45 児童センター運営費,"わっくわくランド しながわ、多世代交流支援事業、親子サロン、親育ち支援
ボルダリング・卓球大会、児童センター改築、〇子ども若者拠点整備および南品川児童センター改築基本設計"
welfare46,welfare,1631674000,46 すまいるスクール運営費,"運営委託費、教室講師謝礼、入退室システム運用、巡回相談
第三者評価委託、医療的ケア看護師派遣、〇仕出し弁当対応"
welfare47,welfare,104486000,47 青少年育成事業,"○子ども・若者応援事業（食事提供の実施）、◎品川区子ども計画の策定 青少年問題
協議会運営、青少年委員活動、ジュニアリーダー教室、ひきこもり等若者支援事業"
welfare48,welfare,95803000,48 児童相談事業,"乳幼児ショートステイ事業、要支援ショートステイ事業、要保護児童対策地域協議会運営
養育支援訪問事業、子ども家庭支援センター施設管理、◎適切な親子関係形成支援（専門プログラム）"
welfare49,welfare,357088000,49 しながわネウボラネットワーク事業,"〇産後の家事育児支援の利用助成、産後ドゥーラ資格取得助成、
◎きずなメール事業、子育てネウボラ相談、バースデーサポート事業"
welfare50,welfare,43424000,50 ヤングケアラー支援事業,"〇ヤングケアラー支援（学習支援、配食支援、通訳派遣支援、訪問支援等、
コーディネーター派遣、SNS相談）"
welfare51,welfare,13614000,51 子ども家庭センター開設準備経費,◎連携会議開催、先進自治体視察、児童相談システム改修
welfare52,welfare,87930000,52 児童相談所移管推進事業,児童相談所開設準備、◎東京都からのケース引継ぎ、一時保護受託
welfare53,welfare,172439000,53 児童相談所運営費,"人材の確保・育成、◎里親養育包括支援（フォスタリング）事業、リーフレット作成、
相談受付体制の整備（休日・夜間電話対応業務委託、システム保守委託等）"
welfare54,welfare,49434000,54 一時保護所運営費,◎一時保護児童の生活・学習支援、行事等の実施、給食調理委託
welfare55,welfare,16237000,55 奨学金貸付事業,貸付金（在学応援資金：30人 入学準備金：5人）、債権回収業務等委託
welfare56,welfare,2274774000,56 子どもすこやか医療費助成事業,対象：４９，４２６人（0歳～中学3年生修了まで）
welfare57,welfare,286794000,57 高校生等医療費助成事業,"対象：7,900人（15歳～18歳）"
welfare58,welfare,7764774000,58 児童手当給付金,"対象：512,900人（0歳～中学3年生修了まで、所得制限あり）、
◎制度改正（令和6年10月～）対象：２８，３３５人（所得制限の撤廃、支給期間の延長、多子加算の拡充）"
welfare59,welfare,558135000,59 児童育成手当給付金,"対象：育成手当 3,200人、障害手当 200人"
welfare60,welfare,721249000,60 児童扶養手当給付金,"対象：1,550世帯（母子家庭 1,488世帯、父子家庭 62世帯）"
welfare61,welfare,92593000,61 家庭あんしんセンター運営費,ひまわり荘運営・維持管理、特別区間広域入所措置
welfare62,welfare,38801000,62 子どもの未来応援事業,子ども食堂支援、ガバメントクラウドファンディングを活用した子どもの食の支援
welfare63,welfare,23530000,63 ひとり親家庭自立等支援,"養育費相談支援、ひとり親家庭相談、、学習支援事業、休養ホーム事業
自立支援教育訓練・高等職業訓練促進給付金、住宅入居支援、◎養育費確保および親子交流支援事業"
welfare64,welfare,84914000,64 ひとり親家庭医療費助成事務,"対象世帯：1,321人"
welfare65,welfare,283462000,65 ぷりすくーる西五反田経費,定員：100人（保育園：46人、幼児教育：54人）、オアシスルーム、ふれあい交流室
welfare66,welfare,1051555000,66 認可外保育施設等保育料助成,〇認証、認可外保育施設保育料助成、無償化による保育料給付
welfare67,welfare,291614000,67ベビーシッター利用支援事業費,ベビーシッター利用助成
welfare68,welfare,1097839000,68 私立幼稚園保育料助成,無償化による保育料（預かり保育含む）給付、入園料助成、保育料補助（上乗せ分）
welfare69,welfare,3200982000,69 区立保育園費,"定員3,350人、延長夜間保育 全園（1時間 21園、2時間 6園、3時間半6園）
一時保育 33園、病後児保育 3園、休日・年末保育 2園、短時間就労対応型保育 4園
特別支援保育事業、医療的ケア児受入れ"
welfare70,welfare,40694000,70 就学前教育推進事業,"公・私立保育園地域連携推進事業、保幼小ジョイント事業、ＩＣＴ体験事業
保育園職員向け研修の実施、運動・体力向上事業"
welfare71,welfare,798931000,71 幼保一体施設費,"二葉すこやか園 定員：190人（保育園：66人、幼稚園：124人）
預かり保育、短時間就労対応型保育
のびっこ園台場 定員：183人（保育園：116人、幼稚園：67人）、預かり保育
第一日野すこやか園 定員：192人（保育園：１30人、幼稚園：62人）、預かり保育
平塚すこやか園 定員：150人（保育園：88人、幼稚園：62人）、預かり保育
御殿山すこやか園 定員：117人（保育園：50人、幼稚園：67人）、預かり保育
八潮すこやか園 定員：159人（保育園：97人、幼稚園：62人）、預かり保育"
welfare72,welfare,922739000,72 公設民営保育園経費,"定員：407人（ひがしやつやま保育園：45人、三ツ木保育園80人
八潮北保育園102人、八潮西保育園100人、◎一本橋保育園80人）"
welfare73,welfare,141511000,73 病児・病後児保育委託,病児保育 （4カ所・定員25人）、病後児保育（1カ所・定員4人）
welfare74,welfare,57492000,74 区立幼稚園費,定員 156人（城南・浜川・伊藤）、預かり保育(3園）
welfare75,welfare,19306447000,75 私立保育園費,"開設後家賃助成、保育サービス推進事業、運営費助成（105園）、人材確保支援事業
一時預かり事業、〇未就園児定期預かり事業、休日保育事業、
保育士等キャリアアップ補助、保育従事職員宿舎借上支援、特別支援巡回相談
インフルエンザ予防接種費用助成、児童の安全確保支援、◎医療的ケア児保育支援事業、
◎地域交流支援事業、◎BCP策定支援、◎保育部会運営経費"
welfare76,welfare,876113000,76 地域型保育事業費,"運営費助成（家庭的保育2施設、小規模保育17施設、居宅訪問型1事業）等
一時預かり事業、児童の安全確保支援、○未就園児定期預かり事業、◎地域交流支援事業"
welfare77,welfare,1373933000,77 認証保育所経費,"運営費助成（19施設）、一時預かり事業、児童の安全確保支援、保育従事職員宿舎借上支援
人材確保支援事業、保育力強化事業、○未就園児定期預かり事業、◎地域交流支援事業"
welfare78,welfare,364648000,78 私立幼稚園経費,"私立幼稚園協会補助金、私立幼稚園振興費等補助、私立幼稚園預かり保育事業、
インフルエンザ予防接種費用助成、施設型給付費、幼稚園型一時預かり事業
○未就園児定期預かり事業、◎地域交流支援事業"
welfare79,welfare,25942000,79 生活保護適正化事業,健康管理支援、資産・扶養等調査、後発医薬品使用促進、居宅介護計画点検
welfare80,welfare,44807000,80 生活保護者自立支援事業,金銭管理支援、就職力アップ支援、ホームレス緊急保護事業
welfare81,welfare,11403227000,81 生活保護法等による各種援護,生活扶助、医療扶助、住宅扶助等、その他法外援護、高校大学進学等の塾代支援
welfare82,welfare,90203000,82生活困窮者自立支援事業,"○フードパントリー事業、伴走型居宅生活支援事業、学習支援あした塾、
自立支援相談、住居確保給付金、就労準備支援、家計相談支援、受験生チャレンジ支援"
welfare83,welfare,99605000,83 中国残留邦人等支援事業,中国残留邦人等への支援
welfare84,welfare,28952782000,その他,（事項別明細書に記載）
sanitation,root,,衛生費総額,
sanitation1,sanitation,195293000,01 健康センター事業費,"施設運営、フリー利用、コース型教室、トリムスクール
荏原健康センター仮施設借上げ（期間：令和4～１１年度）"
sanitation2,sanitation,60419000,02 健康づくり支援事業費,"◎品川健康プラン21・がん対策推進計画策定、健康塾、食生活改善推進事業
健康づくり推進委員会、健康ポイント事業、健康大学しながわ、水中散歩教室"
sanitation3,sanitation,38917000,03 AED管理費,◎コンビニエンスストアへの設置、区施設へのAEDの設置・維持管理
sanitation4,sanitation,31700000,04 公衆浴場施設整備補助(保健衛生助成金),公衆浴場設備等整備補助、公衆浴場耐震化促進支援
sanitation5,sanitation,463436000,05 公害健康被害補償事業,気管支ぜん息患者認定事務、補償給付、肺年齢測定会等
sanitation6,sanitation,6348000,06 受動喫煙防止対策費,制度の普及啓発、禁煙外来治療費助成
sanitation7,sanitation,148048000,07 休日・応急診療費,休日診療、小児夜間応急診療、インフルエンザ等流行期における診療体制強化
sanitation8,sanitation,32046000,08 地域医療連携,医療連携会議経費、医療救護用通信機器管理、かかりつけ医機能推進
sanitation9,sanitation,24755000,09 災害医療関係費,〇災害医療体制整備、◎医療救護所訓練
sanitation10,sanitation,505761000,10 母子健康診査費,妊婦健診、乳児健診、１歳６カ月児健診、３歳児健診（視覚屈折検査）
sanitation11,sanitation,24427000,11 すくすく赤ちゃん訪問事業,新生児・産婦訪問指導、電話相談
sanitation12,sanitation,13299000,12 母子歯科衛生事業,歯科衛生相談・予防処置
sanitation13,sanitation,44682000,13 妊娠期からの相談事業,妊産婦ネウボラ相談員、多胎児家庭支援
sanitation14,sanitation,115150000,14 産後ケア事業,〇しながわネウボラネットワーク（産後ケア事業（訪問型・日帰り型・宿泊型））
sanitation15,sanitation,311435000,15 ０歳児見守り・子育てサポート事業,０歳児家庭の見守り訪問およびおむつ等育児用品の配達
sanitation16,sanitation,472472000,16 出産・子育て応援事業,妊娠届出時、出産時に５万円分の応援ギフト支給
sanitation17,sanitation,58198000,17 不妊治療等支援事業,一般・特定不妊治療、◎生殖補助医療費助成、◎不妊等相談事業
sanitation18,sanitation,14528000,18 猫の適正飼養および活動支援事業,"飼い猫分：メス×110頭、オス×80頭
〇飼い主のいない猫分：メス＠18,000×80頭、オス＠10,000×80頭
〇モデル地区・協力員枠分：メス@25,000×80頭、オス@15,000×80頭、医療費助成60頭"
sanitation19,sanitation,28516000,19 そ族昆虫防除対策費,◎町会等に対するネズミ対策支援、浸水家屋の消毒、蚊媒介感染症対策、蜂巣駆除
sanitation20,sanitation,63542000,20 成人歯科健診,成人歯科健診、歯周疾患改善指導、〇障害者歯科健診、歯の顕彰
sanitation21,sanitation,56421000,21 健康診査,品川区健康診査、20歳からの健康診査、肝炎ウイルス検診、眼科検診（45・55歳）
sanitation22,sanitation,883978000,22 各種がん検診,"検診普及・啓発、夜間相談窓口、がん患者へのアピアランスケア
胃がん（リスク検診（ピロリ菌抗体・ペプシノゲン検査）、X線直接撮影、内視鏡検査）
肺がん、大腸がん、子宮がん、乳がん、喉頭がん、前立腺がんの検診"
sanitation23,sanitation,1884421000,23 予防接種費,"定期予防接種：四種混合（ジフテリア・百日せき・破傷風・ポリオ）
ポリオ、日本脳炎、MR（麻しん・風しん）、ＤＴ、〇高齢者インフルエンザ（全額無償化）
BCG、Ｈｉｂ、肺炎球菌（小児・高齢者）、ＨＰＶワクチン（女性）
水痘、Ｂ型肝炎、ロタウィルス、風しん追加対策
任意予防接種：流行性耳下腺炎、ＭＲ（麻しん・風しん）
◎ＨＰＶワクチン（小学6年生～高校１年生の男性）
〇インフルエンザ（生後６か月～高校３年生）の接種費用一部助成
高齢者肺炎球菌（定期接種対象外の未接種者）、帯状疱疹（５０歳以上）"
sanitation24,sanitation,82036000,24 結核対策事業,"定期健診（医師会委託） 18,000人、ハイリスク者健診、接触者健診（委託）
患者家族健診、管理健診（精密検査）、ＤＯＴＳ（服薬確認）"
sanitation25,sanitation,65847000,25 感染症対策事業,"〇ＨＩＶ・梅毒検査、感染症診査協議会、医療費公費負担
新型インフルエンザ等新興感染症対策経費、先天性風しん症候群予防
感染症対策従事職員抗体検査等、風しん第5期抗体検査、◎健康危機対処計画策定"
sanitation26,sanitation,32476000,26 難病対策費,療養支援教室、難病等療養支援システム運用、骨髄ドナー支援
sanitation27,sanitation,39918000,27 こころの健康づくり事業,"こころの健康相談および訪問事業、精神保健相談、家族勉強会
児童・思春期のこころの相談、うつ病あんしん相談、自死遺族支援、ゲートキーパー研修
メンタルチームサポート事業、自殺未遂者支援、インターネットゲートキーパー事業
◎こころのセルフコントロール講習会、避難行動要支援者(精神障害）個別計画作成費"
sanitation28,sanitation,34069000,28 省エネルギー対策事業,"〇太陽光発電・蓄電池システム設置助成、高効率給湯器設置助成、
◎省エネ家電（エアコン・冷蔵庫）設置助成、事業所用ＬＥＤ照明設置助成等
低公害車買換え支援（利子補給および信用保証料補助）
◎CO2排出量算定クラウドサービス利用助成、◎再エネ由来電力導入支援
区有施設の二酸化炭素排出量分析経費、しながわエコリンク運用経費"
sanitation29,sanitation,11000000,29 カラスおよび外来種対策事業,"カラスの巣撤去、外来種の捕獲、相談等受付、鳥ｲﾝﾌﾙｴﾝｻﾞ対応経費
危険な特定外来生物対応経費、ヒアリ対応経費"
sanitation30,sanitation,157822000,30 環境学習交流施設管理運営費,〇管理運営経費、ZEB普及支援事業
sanitation31,sanitation,12580000,31 地域エコ活動推進事業,"〇森林環境譲与税活用検討（都内連携プロジェクト）、打ち水大作戦、
〇もったいないプロジェクト(フードドライブ常設窓口拡大・ドギーバックによる啓発
・もったいない推進店の拡大）
◎使い捨てプラスチック削減推進（民間施設マイボトル用給水機設置助成等）"
sanitation32,sanitation,288266000,32 資源化センター管理運営費,資源化業務、維持管理、設備改修工事等
sanitation33,sanitation,228832000,33 資源物再商品化経費,〇資源再商品化経費、〇プラスチック使用製品中間処理経費
sanitation34,sanitation,40601000,34 粗大ごみ再商品化経費,粗大ごみ（木製品・衣装ケース・自転車・羽毛布団）再商品化経費
sanitation35,sanitation,77722000,35 集団回収,報奨金等の支給、地域の集団回収団体への支援に伴う経費
sanitation36,sanitation,3849000,36 リサイクル活動支援,家庭用生ごみ処理機助成、フリーマーケット経費
sanitation37,sanitation,11389000,37 粗大ごみからのリユース事業,粗大ごみからのリユース事業
sanitation38,sanitation,212752000,38 清掃事務所等施設管理事業,維持管理経費、施設機器交換工事等、◎北品川分室新築・解体工事等
sanitation39,sanitation,1514852000,39 収集運搬作業費,"車両雇上経費、各戸収集、車両等維持管理費（小型プレス・天蓋車購入ほか）、
粗大ごみ収集・運搬・受付センター業務・区民直接持込み受入れ
粗大ごみ中継業務委託、有料ごみ処理券経費、カラス対策、動物死体処理等"
sanitation40,sanitation,1924699000,40 東京二十三区清掃一部事務組合分担金等,東京二十三区清掃一部事務組合分担金、清掃協議会負担金
sanitation41,sanitation,5722570000,その他,（事項別明細書に記載）
industrial,root,,産業経済費総額,
industrial1,industrial,149200000,01 中小企業センター運営費,中小企業センター運営
industrial2,industrial,7697000,02 伝統的産業の振興,伝統の技と味展、伝統工芸実演、伝統工芸ふれあい教室、販路拡大助成
industrial3,industrial,10400000,03 産業振興事業助成金,商業・ものづくり関係団体事業経費助成
industrial4,industrial,38739000,04 勤労者福利厚生事業,勤労者共済会運営補助
industrial5,industrial,532910000,05 創業・スタートアップ等支援経費,"◎スタートアップエコシステム推進事業、ＩＴスタートアップ支援事業、天王洲・
○西大井・武蔵小山創業支援センター運営・工場アパート運営費
産業支援交流施設(SHIP)運営費、品川ビジネスクラブ助成、五反田産業文化施設"
industrial6,industrial,37780000,06 産業情報収集提供事業,"産業実態調査・産業振興研究会開催、区内景況調査、産業情報チラシ配布
産業ニュース発行、中小企業支援サイト"
industrial7,industrial,1310252000,07 中小企業事業資金融資あっせん,物価高騰等総合支援資金、各種信用保証料補助・利子補給金
industrial8,industrial,43236000,08 経営相談事業,経営相談窓口、経営･金融相談、経営診断、ビジネス・カタリスト派遣
industrial9,industrial,35958000,09 事業承継支援事業,"専門家派遣、セミナー開催、後継者塾、事業承継設備投資助成
ものづくり企業地域共生推進事業"
industrial10,industrial,8597000,10 産学連携推進事業,"都立産技高専との連携、都立産業技術研究センター利用料等助成
産学連携開発支援助成、情報交流会"
industrial11,industrial,102674000,11 競争力強化支援事業,"ＤＸ・デジタル技術活用推進事業、新製品･新技術開発支援助成
ＩＳＯ認証取得支援助成、特許権取得支援助成、イノベーションフォーラム開催"
industrial12,industrial,170192000,12 販路拡大支援事業,"○新規事業展開支援事業、事業PR・販売促進支援助成、展示会出展費助成
品川パビリオン共同出展事業、ものづくり・IT商談会"
industrial13,industrial,58680000,13 雇用確保支援事業,"◎人材スキルアップ支援助成、奨学金返還支援助成、魅力ある職場づくり支援事業
エンジニア確保支援事業、モンゴル高専との科学技術交流事業"
industrial14,industrial,205124000,14 就業支援費,"就業センターの運営、内職相談事業、就業支援事業（就業相談・セミナー実施）
「サポしながわ」における職業紹介、シルバー人材センター運営費等補助"
industrial15,industrial,94111000,15 商店街振興事業,○商店街サポーター事業助成、共同装飾灯維持管理費補助、商店街事業資金貸付金
industrial16,industrial,149121000,16 商店街にぎわい創出事業,イベント事業、組織活力向上支援事業、にぎわい事業助成
industrial17,industrial,27377000,17 商店街活性化推進事業,活性化推進事業助成（多言語対応ホームページ作成等）
industrial18,industrial,19110000,18 商店街ステップ・アップ支援事業,"商店街情報発信支援事業助成、○ホリデー・トレーニング事業助成
地域交流支援事業助成"
industrial19,industrial,5640000,19 商店街店舗支援事業,商店街販路開拓支援事業助成、商店街ブランド開発支援事業助成
industrial20,industrial,829953000,20 共通商品券普及促進事業,プレミアム付区内共通商品券事業助成、◎キャッシュレス決済ポイント還元事業
industrial21,industrial,4000000,21 商店街連携推進事業,商店街企業連携推進事業
industrial22,industrial,13675000,22 消費者啓発費,"エシカル消費普及啓発、若者向け消費者教育支援
消費者センター運営経費、消費生活相談および消費者育成支援"
industrial23,industrial,341624000,その他,（事項別明細書に記載）
public,root,,土木費総額,
public1,public,33765000,01 交通安全啓発費,"自転車ヘルメット購入助成、自転車安全利用指導員業務委託、
交通事故防止対策、交通安全教育等"
public2,public,520910000,02 駅周辺等放置自転車対策事業,"○品川シーサイド駅自転車等駐車場改修工事、有料自転車等駐車場運営、
放置自転車指導警備、撤去返還等"
public3,public,154495000,03 地域交通検討経費,"◎地域公共交通充実検討委託（デマンド・グリス実証実験等）、
〇コミュニティバス試行運行実施経費"
public4,public,259510000,04 やさしいまちづくり整備費,〇東急池上線五反田駅・京浜急行線青物横丁駅可動式ホーム柵整備助成等
public5,public,13820000,05 道路・公園等占用費,道路占用実態調査、占用物件等管理等
public6,public,905640000,06 道路維持管理費,"◎電線共同溝維持管理、◎樹木健全度診断、○土のう置場整理、
道路清掃・修繕、街路樹等維持管理等"
public7,public,108125000,07 道路安全施設費,◎道路安全施設管理ＤＸ事業、多摩産材を活用したもくさく整備事業等
public8,public,306407000,08 街路灯管理費,街路灯維持管理、ＬＥＤ型街路灯建替え、小規模付属物点検
public9,public,549743000,09道路改良事業,"◎点字ブロックを活用した音声による移動支援検討、◎自転車通行環境整備計画策定
〇ゼームス坂下区間段差解消第４期区間整備、踏切への視覚障害者誘導用ブロック整備等"
public10,public,168240000,10 無電柱化推進事業,"◎電線共同溝概略検討（林試の森公園周辺）、
地中化施設整備（戸越公園周辺区道）、譲渡設備を活用した電線共同溝整備（競馬場通り）"
public11,public,3000000,11 補助２０５号線整備事業,○補助205号線Ⅲ期整備区間概略修正設計
public12,public,28180000,12 補助１６３号線整備事業,○ＪＲ大崎支線ガード下区間鉄道構造物検討、〇未整備区間道路事業化検討
public13,public,129100000,13 橋梁改修事業,橋梁長寿命化修繕（設計5橋、補修３橋）
public14,public,81580000,14 河川管理費,〇河川環境学習、〇総合治水対策推進計画改定、河川清掃等
public15,public,119191000,15 水辺利活用事業,"〇水辺利活用推進計画策定、〇しながわ水族館船着場改修検討、
〇東海橋船着場防災照明設置、区有船着場管理、ライトアップ施設維持管理等"
public16,public,3566295000,16 排水施設建設事業,"第二戸越幹線整備（上流部・下流部）、立会川雨水放流管建設関連（仮施設借上げ）、
勝島地区雨水管整備等"
public17,public,705258000,17 下水道管改修事業,下水道管老朽化対策、下水道管耐震化推進
public18,public,24185000,18 空港環境経費,羽田新飛行ルート航空機騒音測定経費
public19,public,23303000,19 都市計画関係事務費,都市計画図書作成等経費、羽田空港アクセス線新駅可能性地域まちづくり検討
public20,public,650414000,20 密集住宅市街地整備促進事業,旗の台・中延地区ほか6地区（事業推進、用地取得）
public21,public,1114682000,21 不燃化特区支援事業,戸別訪問実施（東中延一・二丁目地区ほか）、防災建替え相談窓口運営、不燃構造化支援助成等
public22,public,58937000,22 整備地域不燃化加速事業,"◎不燃構造化支援助成等（小山二丁目・中延四丁目地区）、
〇整備地域不燃化加速地域検討（荏原六丁目ほか）"
public23,public,309204000,23 防災街区整備事業,〇防災街区整備事業補助金（東中延一丁目11番地区・戸越六丁目18・20番東地区ほか）
public24,public,54908000,24 避難道路機能強化事業,滝王子通りの拡幅 （測量委託、工事費、用地取得費等）
public25,public,5626290000,25 大崎駅周辺地区再開発事業,"再開発事業補助金（大崎駅西口F南地区、東五反田二丁目第3地区）
大崎駅北口自由通路整備計画検討"
public26,public,11582000,26 品川駅南地域周辺まちづくり事業,◎品川浦周辺地区まちづくりビジョン策定支援業務委託
public27,public,1301100000,27 京浜急行線連続立体交差化事業,北品川駅前広場整備業務、京急線連続立体交差事業負担金
public28,public,146932000,28 東急大井町線連続立体交差化事業,戸越公園駅前広場整備等業務、◎東急大井町線連続立体交差事業負担金
public29,public,1715020000,29 公園・児童遊園維持管理費,"◎公園ミスト設置工事（２か所）、◎ドッグラン検証、○八潮北公園照明ＬＥＤ化工事、
公園施設長寿命化予防保全等"
public30,public,1040905000,30 公園・児童遊園整備費,"◎インクルーシブ公園(東大井公園改修設計)、〇みんなに愛される公園づくり（浜川北公園改修工事等）
〇子どものアイデアを活かした公園づくり（子供の森公園改修設計、西五反田公園改修工事）
〇しながわ花海道整備（勝島人道橋（下部工）整備工事、水辺広場改修設計）
Ｐａｒｋ-ＰＦＩ導入"
public31,public,615300000,31 しながわ水族館運営費,○しながわ水族館リニューアル経費、設備改修、ＰＲ支援等
public32,public,134864000,32 緑化活動支援事業,"〇屋上緑化助成の拡充（家庭菜園助成）、愛される樹木を伝える事業、
みどりのボランティア支援事業、みどりの保全事業、"
public33,public,15315000,33 マイガーデン運営費,◎家庭菜園体験講座、マイガーデン（南大井、西五反田）管理
public34,public,856603000,34 住宅・建築物耐震化支援事業,"〇木造住宅等：耐震診断・補強設計・改修・除却助成、耐震化ｱﾄﾞﾊﾞｲｻﾞｰ派遣
木造住宅戸別訪問実施,緊急輸送道路（一般・特定）沿道建築物の補強設計・改修助成等"
public35,public,20039000,35 がけ・擁壁安全化支援事業,安全化ｱﾄﾞﾊﾞｲｻﾞｰ・ｺｰﾃﾞｨﾈｰﾀｰ派遣、がけ・擁壁改修工事費助成等
public36,public,15118000,36 ｺﾝｸﾘｰﾄﾌﾞﾛｯｸ塀等安全化支援事業,事業周知経費、ブロック塀等除却・軽量フェンス等設置等助成
public37,public,68948000,37 住宅改善資金融資あっせん・助成事業,○住宅改善工事助成（一般住宅 250件、共同住宅 15件）、住宅修築資金融資あっせん
public38,public,20796000,38 空き家等対策事業,"適正管理審議会、空き家ホットライン運営委託、予防啓発ｾﾐﾅｰ開催
適正管理等委託（空き家有効活用提案書作成委託等）、空き家改修助成"
public39,public,29517000,39 居住支援事業,"居住支援協議会等事業支援委託、住宅確保要配慮者入居促進事業協力金等経費
セーフティーネット住宅家賃低廉化補助"
public40,public,61160000,40 防災区民組織育成費,防災資器材整備助成、区民消火隊装備品整備等、防災協議会事務局運営費
public41,public,34746000,41 防災訓練経費,〇地区総合防災訓練、区内一斉防災訓練、水防訓練
public42,public,695891000,42 防災普及教育費,"◎中学生向け防災プロジェクト、◎携帯トイレ全戸配布、
◎エレベーター用防災チェア等配付、〇しながわ防災ハンドブック全戸配布、
〇マンション防災対策（パンフレット、手引き）、しながわ防災学校運営等"
public43,public,22225000,43 消防団運営費,消防団装備品補助、団運営補助、歳末警戒等謝礼
public44,public,13713000,44 避難行動要支援者経費,避難行動要支援者支援業務委託、避難誘導ワークショップ
public45,public,176054000,45 防災体制整備費,〇無人航空機（ドローン）の活用、緊急時連絡用通信機器経費
public46,public,45662000,46 防災情報配信経費,民間アプリを活用した緊急情報伝達経費、防災行政無線維持管理等
public47,public,44020000,47 初期消火体制強化費,〇感震ブレーカー設置補助対象区域拡大、小中学校消火ポンプ保守、街頭消火器格納箱等補修
public48,public,251311000,48 災害時応急物資確保費,○備蓄物資新規購入（ペット用ケージほか）、○防災備蓄倉庫資機材配備
public49,public,48316000,49 避難所管理費,〇避難所運営マニュアル更新、避難看板設置、避難所設備維持管理
public50,public,58308000,50 帰宅困難者対策経費,帰宅困難者用備蓄物資購入、駅周辺帰宅困難者対策
public51,public,2807000,51 弔慰金・見舞金経費,り災者への宿泊施設滞在費助成、弔慰金・見舞金支給
public52,public,5412954000,その他,（事項別明細書に記載）
education,root,,教育費総額,
education1,education,19097000,01 文化財保存活用事業,文化財保護審議会、文化財保護、埋蔵文化財調査
education2,education,27936000,02 ＰＴＡ関係費,"ＰＴＡ活動支援、家庭教育学級、家庭教育力向上支援、校庭開放
８３運動啓発用グッズ作成"
education3,education,19176000,03 教育総務関係事務費,教育総務関係事務経費、◎教育振興基本計画策定経費
education4,education,11634000,04 就学事務費,就学事務経費、○新学事制度検討・周知経費
education5,education,30705000,05 クラブ・部活動等経費,"クラブ・部活動等実施経費 外部指導員活用
クラブ・部活動、拠点校合同部活動 小中連携グループ部活動、プール指導"
education6,education,194183000,06 就学支援費,就学援助費、特別支援学校給食費補助事業
education7,education,260450000,07 区教員経費,区固有教員給与費(29人)、研修実施経費、採用選考等事務費
education8,education,7917000,08 生徒指導対策費,校外指導費、中学校進路指導費、クラブ・部活動指導費
education9,education,13649000,09 帰国児童・生徒等支援費,○日本語指導短期集中教室、外国語通訳派遣事業
education10,education,85722000,10 いじめ防止対策費,"◎教職員・教育委員会専門研修、◎いじめ防止アセスメントツール、
○品川学校支援チーム経費、○いじめ対策委員会経費、学級集団アセスメント"
education11,education,14493000,11 連合行事費,〇音楽鑑賞教室、学習成果発表会、連合作品展等
education12,education,44795000,12 しながわ教育推進事業（品川教育改革の推進）,"① 一貫教育推進経費
教科等検討部会経費、アンケート調査、
学力定着度調査経費 2～9年生（各学年2～5教科）"
education13,education,35450000,12 しながわ教育推進事業（品川教育改革の推進）,② 習熟度別学習推進経費（全校）
education14,education,69040000,12 しながわ教育推進事業（品川教育改革の推進）,"③ 市民科・各教科充実経費
経済活動体験学習経費（スチューデント・シティ、ファイナンス・パーク、
経営者体験）、プログラミング教育の推進、和楽器による音楽教育、
専門的講師による授業、茶道講師謝礼、地域の歴史・文化学習講師謝礼、
マナーキッズ教室、がん教育推進授業、副読本印刷・購入"
education15,education,4320000,12 しながわ教育推進事業（品川教育改革の推進）,"④ 特色ある教育活動経費（指導課）
学習支援ボランティア、しながわドリームジョブ、
地域人材活用支援事業、基礎学力向上事業"
education16,education,19401000,12 しながわ教育推進事業（品川教育改革の推進）,"⑤ 特色ある教育活動経費（教育総合支援センター）
ものづくり授業、吹奏楽・合唱団・和太鼓推進支援事業、
小学校クラブ活動外部指導員費、いのちの授業、体力向上支援、
プログラミング学習、読み書き支援アプリを用いた教育支援の推進、
学校と家庭の連携推進事業、理科観察実験支援事業、体育健康教育推進校事業"
education17,education,4804000,12 しながわ教育推進事業（品川教育改革の推進）,⑥ 学力向上プラン推進事業（勉強合宿）（9校）
education18,education,5830000,12 しながわ教育推進事業（品川教育改革の推進）,"⑦ ◎多様性理解・多文化共生推進事業
障害者理解、日本文化・スポーツ体験等、
ブラインドサッカー競技体験教室（８年生対象および教職員研修）"
education19,education,55378000,12 しながわ教育推進事業（品川教育改革の推進）,"⑧ 体力向上推進事業
運動支援員（テクニカルアドバイザー）（全校）、品川スポーツトライアル、
ワンミニッツエクササイズ経費"
education20,education,195693000,13 品川英語力向上推進プラン,"① １～６年生の英語科経費
外国語指導助手経費、ジュニア・イングリッシュキャンプ実施
② 英語力向上推進経費
○オンライン英会話レッスン、グローバル人材育成塾、
外国語指導助手経費、イングリッシュキャンプ実施"
education21,education,161054000,14 不登校対策事業費,"マイスクール運営費（八潮・五反田・浜川・○西大井）、
○校内別室指導支援員配置（全校）、◎メタバースを活用した不登校支援、
◎不登校ポータルサイト経費、◎不登校支援ガイドブック作成経費"
education22,education,509939000,15 特別支援教育費,"①特別支援教育サポート経費
○専門家による訪問相談経費、ＷＩＳＣ検査経費
""②特別支援学級等運営費
○発達障害教育支援員配置（小学校・義務教育学校前期課程全校）、
介助員・学習支援員経費、○医療的ケア児受入経費、教材教具購入・運営経費
③就学事務費"""
education23,education,120992000,16 学校地域連携推進経費,"品川コミュニティ・スクール
校区教育協働委員会運営、学校支援地域本部事業、品川地域未来塾、
まちの人々に学ぶ授業
部活動地域移行等推進事業
◎学校部活動民間委託経費、地域部活動民間委託経費、協議会経費、
◎学校部活動コーディネート経費"
education24,education,836000,17 教職員システム管理費,出退勤補完システム運用、研修履歴記録システム利用
education25,education,1444465000,18 図書館運営費,"図書館１１館他の運営、維持管理
品川図書館運営費
図書等購入、子ども読書活動の推進、○子ども読書活動推進計画策定、
ティーンズ世代へのサービス実施・読書活動推進、障害者サービス、
図書館システム運用、○図書館システム改修、電子図書館・音楽データベースの運用、
地域資料デジタルアーカイブ運営、大崎駅西口・武蔵小山図書取次施設運営、
大井町・品川区目黒サービスコーナー（図書取次）運営、施設補修工事
地区図書館運営費
指定管理者運営委託、認知症カフェ、
ティーンズ世代へのサービス実施・読書活動推進、施設補修工事"
education26,education,1011667000,19 教材教具費,"教材教具整備、老朽体育器具取替、英検チャレンジ事業、
◎補助教材費保護者負担軽減事業、○教師用教科書・指導書購入（教科書改訂）"
education27,education,1882610000,20 学校ＩＣＴ活用経費,"児童・生徒用タブレット端末等運用管理、電子黒板運用、
ＩＣＴ支援員委託、学習支援ソフトライセンス使用料、○デジタル教科書（教科書改訂）"
education28,education,214411000,21 学校システム運営費,学校事務システム等機器借料、学校ホームページ経費、○システム標準化経費
education29,education,164401000,22 学校図書館経費,学校図書館資料整備費、○運営業務委託費、図書館システム運営費
education30,education,2405668000,23 学校環境整備事業,"便所改修（立会小、中延小）、舞台照明取替（台場小、京陽小）、
空調改修（第二延山小他7校（うち管理諸室の更新5校））、給水設備改修（日野学園）、
◎非常放送設備更新（大井第一小、台場小）、◎照明制御設備更新（伊藤学園）、
プール整備（日野学園）、校庭整備（京陽小、延山小）、防火戸・シャッター改修（宮前小）
外壁改修（三木小他4校）、屋上防水（三木小他4校）、
教室照明ＬＥＤ化（御殿山小他2校）、校庭照明ＬＥＤ化（品川学園、豊葉の杜学園）"
education31,education,1887657000,24 学校維持管理費,光熱水費、管理業務委託費、設備等保守委託費
education32,education,1120207000,25 学校運営費,"校具整備、行事式日運営、校務運営、中学生防災ヘルメット購入、
○学校用務業務委託（31校8園）、○普通教室増設（城南小他4校）、
通学安全確認業務等委託"
education33,education,3177795000,26 給食運営費,"○学校給食無償化、給食維持管理費、学校給食調理代行、食器等整備、
給食生ごみリサイクル、栄養士業務委託経費、牛乳パック回収経費"
education34,education,196571000,27 給食施設整備費,"給食室改修（ボイラー改修4校、急速冷却器冷媒管改修2校、
給水・給湯管改修1校）、大型調理機器取替"
education35,education,270405000,28 保健運営費,"児童・生徒健康管理、校医等報酬、災害共済掛金、保健用備品購入
生理用品購入、校舎害虫駆除消毒等委託、プール消毒薬品購入等"
education36,education,5093918000,29 学校改築推進経費,"○源氏前小、城南第二小、浜川中、第四日野小、浜川小：校舎等改築工事
○鈴ケ森小：実施設計、○浅間台小：基本設計
○東海中：敷地測量"
education37,education,2868567000,その他,（事項別明細書に記載）
debt,root,1211446000,公債費総額,（事項別明細書に記載）
reserve,root,300000000,予備費総額,（事項別明細書に記載）